-- phpMyAdmin SQL Dump
-- version 5.2.1
-- https://www.phpmyadmin.net/
--
-- Servidor: localhost
-- Tiempo de generación: 16-01-2024 a las 21:11:40
-- Versión del servidor: 10.3.39-MariaDB-0+deb10u1
-- Versión de PHP: 8.2.13

SET SQL_MODE = "NO_AUTO_VALUE_ON_ZERO";
START TRANSACTION;
SET time_zone = "+00:00";


/*!40101 SET @OLD_CHARACTER_SET_CLIENT=@@CHARACTER_SET_CLIENT */;
/*!40101 SET @OLD_CHARACTER_SET_RESULTS=@@CHARACTER_SET_RESULTS */;
/*!40101 SET @OLD_COLLATION_CONNECTION=@@COLLATION_CONNECTION */;
/*!40101 SET NAMES utf8mb4 */;

--
-- Base de datos: `frecuencias`
--

-- --------------------------------------------------------

--
-- Estructura de tabla para la tabla `banda`
--

CREATE TABLE `banda` (
  `id` bigint(20) UNSIGNED NOT NULL,
  `banda` varchar(30) NOT NULL,
  `created_at` timestamp NULL DEFAULT NULL,
  `updated_at` timestamp NULL DEFAULT NULL
) ENGINE=InnoDB DEFAULT CHARSET=utf8mb4 COLLATE=utf8mb4_unicode_ci;

--
-- Volcado de datos para la tabla `banda`
--

INSERT INTO `banda` (`id`, `banda`, `created_at`, `updated_at`) VALUES
(1, '160m', '2024-01-16 19:03:39', '2024-01-16 19:03:39'),
(2, '80m', '2024-01-16 19:03:39', '2024-01-16 19:03:39'),
(3, '40m', '2024-01-16 19:03:39', '2024-01-16 19:03:39'),
(4, '20m', '2024-01-16 19:03:39', '2024-01-16 19:03:39'),
(5, '15m', '2024-01-16 19:03:39', '2024-01-16 19:03:39'),
(6, '10m', '2024-01-16 19:03:39', '2024-01-16 19:03:39'),
(7, '2m', '2024-01-16 19:03:39', '2024-01-16 19:03:39'),
(8, '70cm', '2024-01-16 19:03:39', '2024-01-16 19:03:39'),
(9, '47m', '2024-01-16 19:03:39', '2024-01-16 19:03:39'),
(10, '24cm', '2024-01-16 19:03:39', '2024-01-16 19:03:39'),
(11, '23cm', '2024-01-16 19:03:39', '2024-01-16 19:03:39'),
(12, '13cm', '2024-01-16 19:03:39', '2024-01-16 19:03:39'),
(13, '9cm', '2024-01-16 19:03:39', '2024-01-16 19:03:39'),
(14, '6cm', '2024-01-16 19:03:39', '2024-01-16 19:03:39'),
(15, '3cm', '2024-01-16 19:03:39', '2024-01-16 19:03:39'),
(16, 'FM Comercial', '2024-01-16 19:03:39', '2024-01-16 19:03:39');

-- --------------------------------------------------------

--
-- Estructura de tabla para la tabla `codificacion`
--

CREATE TABLE `codificacion` (
  `id` bigint(20) UNSIGNED NOT NULL,
  `tipo_id` bigint(20) UNSIGNED DEFAULT NULL,
  `dcs_id` bigint(20) UNSIGNED DEFAULT NULL,
  `ctcss_id` bigint(20) UNSIGNED DEFAULT NULL,
  `created_at` timestamp NULL DEFAULT NULL,
  `updated_at` timestamp NULL DEFAULT NULL
) ENGINE=InnoDB DEFAULT CHARSET=utf8mb4 COLLATE=utf8mb4_unicode_ci;

--
-- Volcado de datos para la tabla `codificacion`
--

INSERT INTO `codificacion` (`id`, `tipo_id`, `dcs_id`, `ctcss_id`, `created_at`, `updated_at`) VALUES
(1, 1, NULL, NULL, '2024-01-16 19:03:43', '2024-01-16 20:08:18'),
(2, 2, NULL, NULL, '2024-01-16 19:03:45', '2024-01-16 19:03:45'),
(3, 2, NULL, NULL, '2024-01-16 19:03:50', '2024-01-16 20:08:27'),
(4, 2, NULL, NULL, '2024-01-16 19:03:50', '2024-01-16 19:03:50'),
(5, 2, NULL, NULL, '2024-01-16 19:03:51', '2024-01-16 19:03:51'),
(6, 1, NULL, NULL, '2024-01-16 19:03:51', '2024-01-16 19:03:51');

-- --------------------------------------------------------

--
-- Estructura de tabla para la tabla `contacto`
--

CREATE TABLE `contacto` (
  `id` bigint(20) UNSIGNED NOT NULL,
  `nombre` varchar(255) NOT NULL,
  `comprobado` tinyint(1) NOT NULL,
  `fecha` date NOT NULL,
  `hora` time DEFAULT NULL,
  `tipo_id` bigint(20) UNSIGNED DEFAULT NULL,
  `localizacion_id` bigint(20) UNSIGNED DEFAULT NULL,
  `frecuencia_id` bigint(20) UNSIGNED NOT NULL,
  `user_id` bigint(20) UNSIGNED NOT NULL,
  `observaciones` text DEFAULT NULL,
  `created_at` timestamp NULL DEFAULT NULL,
  `updated_at` timestamp NULL DEFAULT NULL
) ENGINE=InnoDB DEFAULT CHARSET=utf8mb4 COLLATE=utf8mb4_unicode_ci;

--
-- Volcado de datos para la tabla `contacto`
--

INSERT INTO `contacto` (`id`, `nombre`, `comprobado`, `fecha`, `hora`, `tipo_id`, `localizacion_id`, `frecuencia_id`, `user_id`, `observaciones`, `created_at`, `updated_at`) VALUES
(1, 'Policia Local Linares', 1, '2003-07-25', NULL, 7, 25, 1, 1, NULL, '2024-01-16 19:03:44', '2024-01-16 20:08:18'),
(2, 'Ambulancia (Cruz Roja)', 1, '2003-07-25', NULL, 7, 1, 2, 1, 'Ambulancia (Cruz Roja)', '2024-01-16 19:03:44', '2024-01-16 19:03:44'),
(3, 'Ambulancias Privadas', 1, '2003-07-25', NULL, 7, 1, 3, 1, 'Ambulancias Privadas', '2024-01-16 19:03:44', '2024-01-16 19:03:44'),
(4, 'Finca', 1, '2003-07-25', NULL, 6, 1, 4, 1, 'Finca', '2024-01-16 19:03:44', '2024-01-16 19:04:29'),
(5, 'Corte Inglés Linares', 1, '2003-07-25', NULL, 4, 1, 5, 1, 'Corte Inglés Linares', '2024-01-16 19:03:44', '2024-01-16 19:04:37'),
(6, 'CPC', 1, '2003-07-25', NULL, 7, 29, 6, 1, 'CPC', '2024-01-16 19:03:45', '2024-01-16 20:07:56'),
(7, 'Bomberos Cordoba', 1, '2003-07-25', NULL, 7, 2, 7, 1, 'Bomberos Cordoba', '2024-01-16 19:03:45', '2024-01-16 19:03:45'),
(8, 'Policia Local Baeza', 1, '2003-07-25', NULL, 7, 3, 8, 1, 'Policia Local Baeza', '2024-01-16 19:03:45', '2024-01-16 19:03:45'),
(9, 'Policia Local Andujar (TRUNK)', 1, '2003-07-25', NULL, 7, 4, 9, 1, 'Policia Local Andujar (TRUNK)', '2024-01-16 19:03:45', '2024-01-16 19:03:45'),
(10, 'Policia Local Martos', 1, '2003-07-25', NULL, 7, 5, 10, 1, 'Policia Local Martos', '2024-01-16 19:03:45', '2024-01-16 19:03:45'),
(11, 'Guardia Civil', 1, '2003-07-25', NULL, 7, 6, 11, 1, 'Guardia Civil', '2024-01-16 19:03:45', '2024-01-16 19:03:45'),
(12, 'Radio Taxi Jaen (Canal Servicios)', 1, '2003-07-25', NULL, 4, 7, 12, 1, 'Radio Taxi Jaen (Canal Servicios)', '2024-01-16 19:03:46', '2024-01-16 19:04:07'),
(13, 'Proteccion Civil', 1, '2003-07-25', NULL, 7, 1, 13, 1, 'Proteccion Civil', '2024-01-16 19:03:46', '2024-01-16 19:03:46'),
(14, 'Sevillana', 1, '2003-07-25', NULL, 4, 1, 14, 1, 'Sevillana', '2024-01-16 19:03:46', '2024-01-16 19:04:46'),
(15, 'Servicio Unificado de Emergencias 112 Jaen', 1, '2003-07-25', NULL, 7, 7, 15, 1, 'Servicio Unificado de Emergencias 112 Jaen', '2024-01-16 19:03:46', '2024-01-16 19:04:54'),
(16, 'Local de Radioaficcionados', 1, '2003-07-25', NULL, 5, 1, 16, 1, 'Frec. Pirata', '2024-01-16 19:03:46', '2024-01-16 19:05:13'),
(17, 'REMER Canal 6 Parece en desuso', 1, '2003-07-25', NULL, 8, 1, 17, 1, 'REMER Canal 6 Parece en desuso', '2024-01-16 19:03:46', '2024-01-16 19:03:46'),
(18, 'Bomberos Linares', 1, '2003-07-25', NULL, 7, 1, 18, 1, 'Bomberos Linares', '2024-01-16 19:03:46', '2024-01-16 19:03:46'),
(19, 'Policia Local Jaen CTCSS 79.7', 1, '2003-07-25', NULL, 7, 7, 19, 1, 'Policia Local Jaen CTCSS 79.7', '2024-01-16 19:03:46', '2024-01-16 19:03:46'),
(20, 'Bomberos Jaén', 1, '2003-07-28', NULL, 7, 7, 20, 1, 'Bomberos Jaén', '2024-01-16 19:03:46', '2024-01-16 19:03:46'),
(21, 'Policia Local', 1, '2003-07-28', NULL, 7, 8, 21, 1, 'Policia Local', '2024-01-16 19:03:47', '2024-01-16 19:03:47'),
(22, 'Seguridad EULEN', 1, '2003-07-28', NULL, 4, 7, 22, 1, 'Seguridad EULEN', '2024-01-16 19:03:47', '2024-01-16 19:05:25'),
(23, 'Repetidor REMER Oficial', 1, '2003-07-29', NULL, 8, NULL, 23, 1, 'Repetidor REMER Oficial', '2024-01-16 19:03:47', '2024-01-16 19:03:47'),
(24, 'RENFE', 1, '2003-07-30', NULL, 4, 1, 24, 1, 'RENFE', '2024-01-16 19:03:47', '2024-01-16 19:05:31'),
(25, 'Autobuses', 1, '2003-08-05', NULL, 4, 7, 25, 1, 'Autobuses', '2024-01-16 19:03:47', '2024-01-16 19:05:37'),
(26, 'Servicio de Ambulancias', 1, '2003-08-06', NULL, 7, 7, 26, 1, 'Servicio de Ambulancias', '2024-01-16 19:03:47', '2024-01-16 19:03:47'),
(27, 'Basuras Córdoba', 1, '2003-08-06', NULL, 4, 2, 27, 1, 'Basuras Córdoba', '2024-01-16 19:03:47', '2024-01-16 19:05:42'),
(28, 'Protección Civil', 1, '2003-08-11', NULL, 7, 22, 28, 1, NULL, '2024-01-16 19:03:47', '2024-01-16 19:05:59'),
(29, 'Autoescuelas', 1, '2003-08-12', NULL, 4, 1, 29, 1, 'Autoescuelas', '2024-01-16 19:03:47', '2024-01-16 20:07:21'),
(30, 'Emergencias', 1, '2003-08-13', NULL, 7, 23, 30, 1, 'Emergencias Puertollano', '2024-01-16 19:03:48', '2024-01-16 19:06:16'),
(31, 'Repetidor REMER (Autoescuelas, etc)', 1, '2003-08-14', NULL, 8, 1, 31, 1, 'Repetidor REMER (Autoescuelas, etc)', '2024-01-16 19:03:48', '2024-01-16 19:03:48'),
(32, 'ECO-Link', 1, '2003-08-20', NULL, 8, 10, 32, 1, 'ECO-Link', '2024-01-16 19:03:48', '2024-01-16 19:03:48'),
(33, 'ECO-Link', 1, '2003-08-20', NULL, 8, 10, 33, 1, 'ECO-Link', '2024-01-16 19:03:48', '2024-01-16 19:03:48'),
(34, 'Aviones', 1, '2005-11-29', NULL, 2, 11, 34, 1, 'Aviones', '2024-01-16 19:03:48', '2024-01-16 19:03:48'),
(35, 'Aeropuerto Sevilla 1', 1, '2005-12-15', NULL, 2, 12, 35, 1, 'Aeropuerto Sevilla 1', '2024-01-16 19:03:48', '2024-01-16 19:03:48'),
(36, 'Loro. Finca. S. Andrés', 1, '2005-12-20', NULL, 6, 13, 36, 1, 'Loro. Finca. S. Andrés', '2024-01-16 19:03:48', '2024-01-16 19:06:30'),
(37, 'Aeropuerto Sevilla', 1, '2005-12-22', NULL, 2, 12, 37, 1, 'Aeropuerto Sevilla', '2024-01-16 19:03:48', '2024-01-16 19:03:48'),
(38, 'Radio Taxi Ventura', 1, '2005-12-22', NULL, 4, 27, 38, 1, 'Radio Taxi Ventura', '2024-01-16 19:03:49', '2024-01-16 20:07:10'),
(39, 'Autobuses Urbanos', 1, '2005-12-22', NULL, 4, 7, 39, 1, 'Autobuses Urbanos', '2024-01-16 19:03:49', '2024-01-16 20:06:49'),
(40, 'Aeropuerto Sevilla 2', 1, '2005-12-22', NULL, 2, 12, 40, 1, 'Aeropuerto Sevilla 2', '2024-01-16 19:03:49', '2024-01-16 19:03:49'),
(41, 'Aeropuerto Sevilla 6', 1, '2005-12-22', NULL, 2, 12, 41, 1, 'Aeropuerto Sevilla 6', '2024-01-16 19:03:49', '2024-01-16 19:03:49'),
(42, 'Aviones', 1, '2005-12-22', NULL, 2, 13, 42, 1, 'Aviones', '2024-01-16 19:03:49', '2024-01-16 19:03:49'),
(43, 'RADAR', 1, '2005-12-22', NULL, 2, 15, 43, 1, 'RADAR', '2024-01-16 19:03:49', '2024-01-16 19:06:39'),
(44, 'RADAR', 1, '2005-12-22', NULL, 2, 12, 44, 1, 'RADAR', '2024-01-16 19:03:49', '2024-01-16 19:06:45'),
(45, 'Aviones', 1, '2005-12-22', NULL, 2, 13, 45, 1, 'Aviones', '2024-01-16 19:03:49', '2024-01-16 19:03:49'),
(46, 'Aviones Granada APP/TWR', 1, '2005-12-26', NULL, 2, 16, 46, 1, 'Aviones Granada APP/TWR', '2024-01-16 19:03:49', '2024-01-16 19:03:49'),
(47, 'Fonia ISS', 1, '2005-12-26', NULL, 5, 17, 47, 1, 'Fonia ISS', '2024-01-16 19:03:49', '2024-01-16 19:06:50'),
(48, 'Aviones Albacete APP', 1, '2005-12-27', NULL, 2, 18, 48, 1, 'Aviones Albacete APP', '2024-01-16 19:03:50', '2024-01-16 19:03:50'),
(49, 'Madrid ACC Sector Toledo', 1, '2005-12-27', NULL, 2, 15, 49, 1, 'Madrid ACC Sector Toledo', '2024-01-16 19:03:50', '2024-01-16 19:06:56'),
(50, 'Policia Local ', 1, '2006-02-08', NULL, 7, 14, 50, 1, 'Policia Local ', '2024-01-16 19:03:50', '2024-01-16 19:03:50'),
(51, 'Teléfono Móvil', 1, '2006-02-08', NULL, 1, 1, 51, 1, 'Teléfono Móvil', '2024-01-16 19:03:50', '2024-01-16 19:03:50'),
(52, 'Rep: -4.6Mhz Posibles Cazadores', 1, '2006-02-12', NULL, 1, NULL, 52, 1, 'Rep: -4.6Mhz Posibles Cazadores', '2024-01-16 19:03:50', '2024-01-16 19:03:50'),
(53, 'Aviones', 1, '2006-02-12', NULL, 2, NULL, 53, 1, 'Aviones', '2024-01-16 19:03:50', '2024-01-16 19:03:50'),
(54, 'Bomberos', 1, '2006-02-24', NULL, 7, 14, 54, 1, 'Bomberos', '2024-01-16 19:03:50', '2024-01-16 19:03:50'),
(55, 'Policía Local 2', 1, '2006-02-24', NULL, 1, 7, 55, 1, 'Policía Local 2', '2024-01-16 19:03:50', '2024-01-16 19:03:50'),
(56, 'REMER 3', 1, '2006-03-12', NULL, 8, NULL, 56, 1, 'REMER 3', '2024-01-16 19:03:50', '2024-01-16 19:03:50'),
(57, 'REMER 4', 1, '2006-03-12', NULL, 8, NULL, 57, 1, 'REMER 4', '2024-01-16 19:03:50', '2024-01-16 19:03:50'),
(58, 'REMER 6', 1, '2006-03-12', NULL, 8, NULL, 58, 1, 'REMER 6', '2024-01-16 19:03:50', '2024-01-16 19:03:50'),
(59, 'Aeropuerto Málaga Aproximación', 1, '2006-03-17', NULL, 2, 11, 59, 1, 'Aeropuerto Málaga Aproximación', '2024-01-16 19:03:50', '2024-01-16 19:03:50'),
(60, 'RADAR', 1, '2006-03-17', NULL, 2, 24, 60, 1, 'RADAR', '2024-01-16 19:03:50', '2024-01-16 20:05:44'),
(61, 'Policia Local', 1, '2006-03-21', NULL, 7, 9, 61, 1, 'Policia Local', '2024-01-16 19:03:50', '2024-01-16 19:03:50'),
(62, 'Monitor Bebe', 1, '2009-09-03', NULL, 1, 25, 62, 1, 'Monitor Bebe', '2024-01-16 19:03:50', '2024-01-16 20:05:56'),
(63, '112', 1, '2009-09-28', NULL, 1, 26, 63, 1, '112', '2024-01-16 19:03:50', '2024-01-16 20:06:06'),
(64, 'Radio China International AM', 1, '2009-10-01', NULL, 1, NULL, 64, 1, 'Radio China International AM', '2024-01-16 19:03:50', '2024-01-16 19:03:50'),
(65, 'Radio Rumania Internacional AM', 1, '2009-10-01', NULL, 1, NULL, 65, 1, 'Radio Rumania Internacional AM', '2024-01-16 19:03:50', '2024-01-16 19:03:50'),
(66, 'Inalambrico', 1, '2009-10-01', NULL, 1, 1, 66, 1, 'Inalambrico', '2024-01-16 19:03:50', '2024-01-16 19:03:50'),
(67, 'Inalambrico', 1, '2009-10-01', NULL, 1, 1, 67, 1, 'Inalambrico', '2024-01-16 19:03:50', '2024-01-16 19:03:50'),
(68, 'Inalambrico', 1, '2009-10-01', NULL, 1, 1, 68, 1, 'Inalambrico', '2024-01-16 19:03:50', '2024-01-16 19:03:50'),
(69, 'Inalambrico', 1, '2009-10-01', NULL, 1, 1, 69, 1, 'Inalambrico', '2024-01-16 19:03:50', '2024-01-16 19:03:50'),
(70, 'Inalambrico', 1, '2009-10-01', NULL, 1, 1, 70, 1, 'Inalambrico', '2024-01-16 19:03:50', '2024-01-16 19:03:50'),
(71, 'Parece un Monitor de Bebe', 1, '2009-10-01', NULL, 1, NULL, 71, 1, 'Parece un Monitor de Bebe', '2024-01-16 19:03:50', '2024-01-16 19:03:50'),
(72, 'Inalambrico', 1, '2009-10-01', NULL, 1, 1, 72, 1, 'Inalambrico', '2024-01-16 19:03:50', '2024-01-16 19:03:50'),
(73, 'Monitor Bebe', 1, '2009-10-01', NULL, 1, 1, 73, 1, 'Monitor Bebe', '2024-01-16 19:03:50', '2024-01-16 19:03:50'),
(74, 'Desconocido', 0, '2009-10-02', NULL, 1, NULL, 74, 1, 'Señal digital', '2024-01-16 19:03:50', '2024-01-16 20:08:55'),
(75, 'Aviación', 1, '2009-10-30', NULL, 2, NULL, 75, 1, 'Aviación', '2024-01-16 19:03:50', '2024-01-16 19:03:50'),
(76, 'Repetidor URE Jaen', 1, '2017-03-09', NULL, 8, 19, 76, 1, 'Repetidor URE Jaen', '2024-01-16 19:03:50', '2024-01-16 19:03:50'),
(77, 'Repetidor URE Jaén UHF', 1, '2017-03-09', NULL, 8, 19, 77, 1, 'Repetidor URE Jaén UHF', '2024-01-16 19:03:50', '2024-01-16 19:03:50'),
(78, 'Repetidor URE Jaén UHF', 1, '2017-03-09', NULL, 8, 20, 78, 1, 'Repetidor URE Jaén UHF', '2024-01-16 19:03:50', '2024-01-16 19:03:50'),
(79, 'ACARS', 1, '2017-05-15', NULL, 2, 10, 79, 1, 'ACARS', '2024-01-16 19:03:50', '2024-01-16 20:09:07'),
(80, 'Posible Repe URE', 1, '2017-05-11', NULL, 8, NULL, 80, 1, 'Posible Repe URE', '2024-01-16 19:03:50', '2024-01-16 19:03:50'),
(81, 'Radio Taxi Úbeda', 1, '2017-05-12', NULL, 4, 14, 81, 1, 'Radio Taxi Úbeda', '2024-01-16 19:03:50', '2024-01-16 20:03:05'),
(82, 'Servicio Taxi. MTRBO', 1, '2017-05-12', NULL, 4, 7, 82, 1, 'Servicio Taxi. MTRBO', '2024-01-16 19:03:51', '2024-01-16 20:02:59'),
(83, 'Brasileños', 1, '2017-05-13', NULL, 1, NULL, 83, 1, 'Brasileños', '2024-01-16 19:03:51', '2024-01-16 19:03:51'),
(84, 'Piratas Rusos', 1, '2017-05-13', NULL, 1, NULL, 84, 1, 'Piratas Rusos', '2024-01-16 19:03:51', '2024-01-16 19:03:51'),
(85, 'ACARS', 1, '2017-05-15', NULL, 2, 10, 85, 1, 'ACARS', '2024-01-16 19:03:51', '2024-01-16 20:09:19'),
(86, 'Sevilla Aproximacion Aeropuerto', 1, '2017-05-22', NULL, 2, 12, 86, 1, 'Sevilla Aproximacion Aeropuerto', '2024-01-16 19:03:51', '2024-01-16 19:03:51'),
(87, 'Aeropuerto Málaga Aproximación', 1, '2017-05-22', NULL, 2, 11, 87, 1, 'Aeropuerto Málaga Aproximación', '2024-01-16 19:03:51', '2024-01-16 19:03:51'),
(88, 'Desconocido', 0, '2017-05-25', NULL, 1, NULL, 88, 1, 'Nueva Busqueda', '2024-01-16 19:03:51', '2024-01-16 20:02:36'),
(89, 'Controlador RADAR', 1, '2017-05-28', NULL, 2, 21, 89, 1, 'Controlador RADAR', '2024-01-16 19:03:51', '2024-01-16 20:01:40'),
(90, 'Armónicos Policia Local Bailén', 1, '2017-05-31', NULL, 7, 22, 90, 1, 'Armónicos', '2024-01-16 19:03:51', '2024-01-16 20:09:41'),
(91, 'Desconocido', 0, '2017-06-07', NULL, 1, NULL, 91, 1, 'Señal baja. Roger Beeps', '2024-01-16 19:03:51', '2024-01-16 20:02:42'),
(92, 'Finca La Solana El Puntal', 0, '2019-02-20', NULL, 1, NULL, 92, 1, 'Por verificar', '2024-01-16 19:03:51', '2024-01-16 20:02:46');

-- --------------------------------------------------------

--
-- Estructura de tabla para la tabla `ctcss_codes`
--

CREATE TABLE `ctcss_codes` (
  `id` bigint(20) UNSIGNED NOT NULL,
  `codigo` varchar(10) NOT NULL,
  `created_at` timestamp NULL DEFAULT NULL,
  `updated_at` timestamp NULL DEFAULT NULL
) ENGINE=InnoDB DEFAULT CHARSET=utf8mb4 COLLATE=utf8mb4_unicode_ci;

--
-- Volcado de datos para la tabla `ctcss_codes`
--

INSERT INTO `ctcss_codes` (`id`, `codigo`, `created_at`, `updated_at`) VALUES
(1, '0', '2024-01-16 19:03:39', '2024-01-16 19:03:39'),
(2, '67', '2024-01-16 19:03:39', '2024-01-16 19:03:39'),
(3, '69.3', '2024-01-16 19:03:39', '2024-01-16 19:03:39'),
(4, '71.9', '2024-01-16 19:03:39', '2024-01-16 19:03:39'),
(5, '74.4', '2024-01-16 19:03:39', '2024-01-16 19:03:39'),
(6, '77', '2024-01-16 19:03:39', '2024-01-16 19:03:39'),
(7, '79.7', '2024-01-16 19:03:39', '2024-01-16 19:03:39'),
(8, '82.5', '2024-01-16 19:03:39', '2024-01-16 19:03:39'),
(9, '85.4', '2024-01-16 19:03:39', '2024-01-16 19:03:39'),
(10, '88.5', '2024-01-16 19:03:39', '2024-01-16 19:03:39'),
(11, '91.5', '2024-01-16 19:03:39', '2024-01-16 19:03:39'),
(12, '94.8', '2024-01-16 19:03:39', '2024-01-16 19:03:39'),
(13, '97.4', '2024-01-16 19:03:39', '2024-01-16 19:03:39'),
(14, '100', '2024-01-16 19:03:39', '2024-01-16 19:03:39'),
(15, '103.5', '2024-01-16 19:03:39', '2024-01-16 19:03:39'),
(16, '107.2', '2024-01-16 19:03:39', '2024-01-16 19:03:39'),
(17, '110.9', '2024-01-16 19:03:39', '2024-01-16 19:03:39'),
(18, '114.8', '2024-01-16 19:03:39', '2024-01-16 19:03:39'),
(19, '118.8', '2024-01-16 19:03:39', '2024-01-16 19:03:39'),
(20, '123', '2024-01-16 19:03:39', '2024-01-16 19:03:39'),
(21, '127.3', '2024-01-16 19:03:39', '2024-01-16 19:03:39'),
(22, '131.8', '2024-01-16 19:03:39', '2024-01-16 19:03:39'),
(23, '136.5', '2024-01-16 19:03:39', '2024-01-16 19:03:39'),
(24, '141.3', '2024-01-16 19:03:39', '2024-01-16 19:03:39'),
(25, '146.2', '2024-01-16 19:03:39', '2024-01-16 19:03:39'),
(26, '151.4', '2024-01-16 19:03:39', '2024-01-16 19:03:39'),
(27, '156.7', '2024-01-16 19:03:40', '2024-01-16 19:03:40'),
(28, '162.2', '2024-01-16 19:03:40', '2024-01-16 19:03:40'),
(29, '167.9', '2024-01-16 19:03:40', '2024-01-16 19:03:40'),
(30, '173.8', '2024-01-16 19:03:40', '2024-01-16 19:03:40'),
(31, '179.9', '2024-01-16 19:03:40', '2024-01-16 19:03:40'),
(32, '186.2', '2024-01-16 19:03:40', '2024-01-16 19:03:40'),
(33, '192.8', '2024-01-16 19:03:40', '2024-01-16 19:03:40'),
(34, '203.5', '2024-01-16 19:03:40', '2024-01-16 19:03:40'),
(35, '210.7', '2024-01-16 19:03:40', '2024-01-16 19:03:40'),
(36, '218.1', '2024-01-16 19:03:40', '2024-01-16 19:03:40'),
(37, '225.7', '2024-01-16 19:03:40', '2024-01-16 19:03:40'),
(38, '233.6', '2024-01-16 19:03:40', '2024-01-16 19:03:40'),
(39, '241.8', '2024-01-16 19:03:40', '2024-01-16 19:03:40'),
(40, '250.3', '2024-01-16 19:03:40', '2024-01-16 19:03:40');

-- --------------------------------------------------------

--
-- Estructura de tabla para la tabla `dcs_codes`
--

CREATE TABLE `dcs_codes` (
  `id` bigint(20) UNSIGNED NOT NULL,
  `codigo` varchar(10) NOT NULL,
  `created_at` timestamp NULL DEFAULT NULL,
  `updated_at` timestamp NULL DEFAULT NULL
) ENGINE=InnoDB DEFAULT CHARSET=utf8mb4 COLLATE=utf8mb4_unicode_ci;

--
-- Volcado de datos para la tabla `dcs_codes`
--

INSERT INTO `dcs_codes` (`id`, `codigo`, `created_at`, `updated_at`) VALUES
(1, '0', '2024-01-16 19:03:40', '2024-01-16 19:03:40'),
(2, '1', '2024-01-16 19:03:40', '2024-01-16 19:03:40'),
(3, '2', '2024-01-16 19:03:40', '2024-01-16 19:03:40'),
(4, '3', '2024-01-16 19:03:40', '2024-01-16 19:03:40'),
(5, '4', '2024-01-16 19:03:40', '2024-01-16 19:03:40'),
(6, '5', '2024-01-16 19:03:40', '2024-01-16 19:03:40'),
(7, '6', '2024-01-16 19:03:40', '2024-01-16 19:03:40'),
(8, '7', '2024-01-16 19:03:40', '2024-01-16 19:03:40'),
(9, '8', '2024-01-16 19:03:40', '2024-01-16 19:03:40'),
(10, '9', '2024-01-16 19:03:40', '2024-01-16 19:03:40'),
(11, '10', '2024-01-16 19:03:40', '2024-01-16 19:03:40'),
(12, '11', '2024-01-16 19:03:40', '2024-01-16 19:03:40'),
(13, '12', '2024-01-16 19:03:40', '2024-01-16 19:03:40'),
(14, '13', '2024-01-16 19:03:40', '2024-01-16 19:03:40'),
(15, '14', '2024-01-16 19:03:40', '2024-01-16 19:03:40'),
(16, '15', '2024-01-16 19:03:40', '2024-01-16 19:03:40'),
(17, '16', '2024-01-16 19:03:40', '2024-01-16 19:03:40'),
(18, '17', '2024-01-16 19:03:40', '2024-01-16 19:03:40'),
(19, '18', '2024-01-16 19:03:40', '2024-01-16 19:03:40'),
(20, '19', '2024-01-16 19:03:40', '2024-01-16 19:03:40'),
(21, '20', '2024-01-16 19:03:40', '2024-01-16 19:03:40'),
(22, '21', '2024-01-16 19:03:40', '2024-01-16 19:03:40'),
(23, '22', '2024-01-16 19:03:40', '2024-01-16 19:03:40'),
(24, '23', '2024-01-16 19:03:40', '2024-01-16 19:03:40'),
(25, '24', '2024-01-16 19:03:40', '2024-01-16 19:03:40'),
(26, '25', '2024-01-16 19:03:40', '2024-01-16 19:03:40'),
(27, '26', '2024-01-16 19:03:40', '2024-01-16 19:03:40'),
(28, '27', '2024-01-16 19:03:40', '2024-01-16 19:03:40'),
(29, '28', '2024-01-16 19:03:40', '2024-01-16 19:03:40'),
(30, '29', '2024-01-16 19:03:40', '2024-01-16 19:03:40'),
(31, '30', '2024-01-16 19:03:40', '2024-01-16 19:03:40'),
(32, '31', '2024-01-16 19:03:40', '2024-01-16 19:03:40'),
(33, '32', '2024-01-16 19:03:40', '2024-01-16 19:03:40'),
(34, '33', '2024-01-16 19:03:40', '2024-01-16 19:03:40'),
(35, '34', '2024-01-16 19:03:40', '2024-01-16 19:03:40'),
(36, '35', '2024-01-16 19:03:40', '2024-01-16 19:03:40'),
(37, '36', '2024-01-16 19:03:40', '2024-01-16 19:03:40'),
(38, '37', '2024-01-16 19:03:40', '2024-01-16 19:03:40'),
(39, '38', '2024-01-16 19:03:40', '2024-01-16 19:03:40'),
(40, '39', '2024-01-16 19:03:40', '2024-01-16 19:03:40'),
(41, '40', '2024-01-16 19:03:40', '2024-01-16 19:03:40'),
(42, '41', '2024-01-16 19:03:40', '2024-01-16 19:03:40'),
(43, '42', '2024-01-16 19:03:40', '2024-01-16 19:03:40'),
(44, '43', '2024-01-16 19:03:40', '2024-01-16 19:03:40'),
(45, '44', '2024-01-16 19:03:40', '2024-01-16 19:03:40'),
(46, '45', '2024-01-16 19:03:40', '2024-01-16 19:03:40'),
(47, '46', '2024-01-16 19:03:40', '2024-01-16 19:03:40'),
(48, '47', '2024-01-16 19:03:40', '2024-01-16 19:03:40'),
(49, '48', '2024-01-16 19:03:40', '2024-01-16 19:03:40'),
(50, '49', '2024-01-16 19:03:40', '2024-01-16 19:03:40'),
(51, '50', '2024-01-16 19:03:40', '2024-01-16 19:03:40'),
(52, '51', '2024-01-16 19:03:40', '2024-01-16 19:03:40'),
(53, '52', '2024-01-16 19:03:40', '2024-01-16 19:03:40'),
(54, '53', '2024-01-16 19:03:40', '2024-01-16 19:03:40'),
(55, '54', '2024-01-16 19:03:40', '2024-01-16 19:03:40'),
(56, '55', '2024-01-16 19:03:40', '2024-01-16 19:03:40'),
(57, '56', '2024-01-16 19:03:40', '2024-01-16 19:03:40'),
(58, '57', '2024-01-16 19:03:40', '2024-01-16 19:03:40'),
(59, '58', '2024-01-16 19:03:40', '2024-01-16 19:03:40'),
(60, '59', '2024-01-16 19:03:40', '2024-01-16 19:03:40'),
(61, '60', '2024-01-16 19:03:40', '2024-01-16 19:03:40'),
(62, '61', '2024-01-16 19:03:40', '2024-01-16 19:03:40'),
(63, '62', '2024-01-16 19:03:40', '2024-01-16 19:03:40'),
(64, '63', '2024-01-16 19:03:40', '2024-01-16 19:03:40'),
(65, '64', '2024-01-16 19:03:40', '2024-01-16 19:03:40'),
(66, '65', '2024-01-16 19:03:40', '2024-01-16 19:03:40'),
(67, '66', '2024-01-16 19:03:40', '2024-01-16 19:03:40'),
(68, '67', '2024-01-16 19:03:40', '2024-01-16 19:03:40'),
(69, '68', '2024-01-16 19:03:41', '2024-01-16 19:03:41'),
(70, '69', '2024-01-16 19:03:41', '2024-01-16 19:03:41'),
(71, '70', '2024-01-16 19:03:41', '2024-01-16 19:03:41'),
(72, '71', '2024-01-16 19:03:41', '2024-01-16 19:03:41'),
(73, '72', '2024-01-16 19:03:41', '2024-01-16 19:03:41'),
(74, '73', '2024-01-16 19:03:41', '2024-01-16 19:03:41'),
(75, '74', '2024-01-16 19:03:41', '2024-01-16 19:03:41'),
(76, '75', '2024-01-16 19:03:41', '2024-01-16 19:03:41'),
(77, '76', '2024-01-16 19:03:41', '2024-01-16 19:03:41'),
(78, '77', '2024-01-16 19:03:41', '2024-01-16 19:03:41'),
(79, '78', '2024-01-16 19:03:41', '2024-01-16 19:03:41'),
(80, '79', '2024-01-16 19:03:41', '2024-01-16 19:03:41'),
(81, '80', '2024-01-16 19:03:41', '2024-01-16 19:03:41'),
(82, '81', '2024-01-16 19:03:41', '2024-01-16 19:03:41'),
(83, '82', '2024-01-16 19:03:41', '2024-01-16 19:03:41'),
(84, '83', '2024-01-16 19:03:41', '2024-01-16 19:03:41'),
(85, '84', '2024-01-16 19:03:41', '2024-01-16 19:03:41'),
(86, '85', '2024-01-16 19:03:41', '2024-01-16 19:03:41'),
(87, '86', '2024-01-16 19:03:41', '2024-01-16 19:03:41'),
(88, '87', '2024-01-16 19:03:41', '2024-01-16 19:03:41'),
(89, '88', '2024-01-16 19:03:41', '2024-01-16 19:03:41'),
(90, '89', '2024-01-16 19:03:41', '2024-01-16 19:03:41'),
(91, '90', '2024-01-16 19:03:41', '2024-01-16 19:03:41'),
(92, '91', '2024-01-16 19:03:41', '2024-01-16 19:03:41'),
(93, '92', '2024-01-16 19:03:41', '2024-01-16 19:03:41'),
(94, '93', '2024-01-16 19:03:41', '2024-01-16 19:03:41'),
(95, '94', '2024-01-16 19:03:41', '2024-01-16 19:03:41'),
(96, '95', '2024-01-16 19:03:41', '2024-01-16 19:03:41'),
(97, '96', '2024-01-16 19:03:41', '2024-01-16 19:03:41'),
(98, '97', '2024-01-16 19:03:41', '2024-01-16 19:03:41'),
(99, '98', '2024-01-16 19:03:41', '2024-01-16 19:03:41'),
(100, '99', '2024-01-16 19:03:41', '2024-01-16 19:03:41'),
(101, '100', '2024-01-16 19:03:41', '2024-01-16 19:03:41'),
(102, '101', '2024-01-16 19:03:41', '2024-01-16 19:03:41'),
(103, '102', '2024-01-16 19:03:41', '2024-01-16 19:03:41'),
(104, '103', '2024-01-16 19:03:41', '2024-01-16 19:03:41'),
(105, '104', '2024-01-16 19:03:41', '2024-01-16 19:03:41');

-- --------------------------------------------------------

--
-- Estructura de tabla para la tabla `failed_jobs`
--

CREATE TABLE `failed_jobs` (
  `id` bigint(20) UNSIGNED NOT NULL,
  `uuid` varchar(255) NOT NULL,
  `connection` text NOT NULL,
  `queue` text NOT NULL,
  `payload` longtext NOT NULL,
  `exception` longtext NOT NULL,
  `failed_at` timestamp NOT NULL DEFAULT current_timestamp()
) ENGINE=InnoDB DEFAULT CHARSET=utf8mb4 COLLATE=utf8mb4_unicode_ci;

-- --------------------------------------------------------

--
-- Estructura de tabla para la tabla `frecuencia`
--

CREATE TABLE `frecuencia` (
  `id` bigint(20) UNSIGNED NOT NULL,
  `frecuencia` double(7,3) NOT NULL,
  `calidad` tinyint(4) NOT NULL DEFAULT 0,
  `codificada` tinyint(1) NOT NULL DEFAULT 0,
  `repetidor_id` bigint(20) UNSIGNED DEFAULT NULL,
  `codificacion_id` bigint(20) UNSIGNED DEFAULT NULL,
  `banda_id` bigint(20) UNSIGNED DEFAULT NULL,
  `modo_id` bigint(20) UNSIGNED DEFAULT NULL,
  `created_at` timestamp NULL DEFAULT NULL,
  `updated_at` timestamp NULL DEFAULT NULL
) ENGINE=InnoDB DEFAULT CHARSET=utf8mb4 COLLATE=utf8mb4_unicode_ci;

--
-- Volcado de datos para la tabla `frecuencia`
--

INSERT INTO `frecuencia` (`id`, `frecuencia`, `calidad`, `codificada`, `repetidor_id`, `codificacion_id`, `banda_id`, `modo_id`, `created_at`, `updated_at`) VALUES
(1, 163.500, 0, 1, 15, 3, 7, 2, '2024-01-16 19:03:43', '2024-01-16 20:08:27'),
(2, 166.080, 0, 0, NULL, NULL, 7, 2, '2024-01-16 19:03:44', '2024-01-16 19:03:44'),
(3, 153.100, 0, 0, NULL, NULL, 7, 2, '2024-01-16 19:03:44', '2024-01-16 19:03:44'),
(4, 154.300, 0, 0, NULL, NULL, 7, 2, '2024-01-16 19:03:44', '2024-01-16 19:03:44'),
(5, 427.325, 0, 0, NULL, NULL, 8, 2, '2024-01-16 19:03:44', '2024-01-16 19:03:44'),
(6, 164.175, 0, 0, NULL, NULL, 7, 2, '2024-01-16 19:03:44', '2024-01-16 19:03:44'),
(7, 463.575, 0, 0, NULL, NULL, 8, 2, '2024-01-16 19:03:45', '2024-01-16 19:03:45'),
(8, 158.075, 0, 0, NULL, NULL, 7, 2, '2024-01-16 19:03:45', '2024-01-16 19:03:45'),
(9, 162.550, 0, 1, 2, 2, 7, 2, '2024-01-16 19:03:45', '2024-01-16 19:03:45'),
(10, 152.075, 0, 0, 3, NULL, 7, 2, '2024-01-16 19:03:45', '2024-01-16 19:03:45'),
(11, 168.800, 0, 0, NULL, NULL, 7, 2, '2024-01-16 19:03:45', '2024-01-16 19:03:45'),
(12, 460.425, 0, 0, NULL, NULL, 8, 2, '2024-01-16 19:03:46', '2024-01-16 19:03:46'),
(13, 152.250, 0, 0, 4, NULL, 7, 2, '2024-01-16 19:03:46', '2024-01-16 19:03:46'),
(14, 171.575, 0, 0, NULL, NULL, 7, 2, '2024-01-16 19:03:46', '2024-01-16 19:03:46'),
(15, 172.512, 0, 0, NULL, NULL, 7, 2, '2024-01-16 19:03:46', '2024-01-16 19:03:46'),
(16, 143.525, 0, 0, NULL, NULL, 7, 2, '2024-01-16 19:03:46', '2024-01-16 19:03:46'),
(17, 168.350, 0, 0, 5, NULL, 7, 2, '2024-01-16 19:03:46', '2024-01-16 19:03:46'),
(18, 163.412, 0, 0, 6, NULL, 7, 2, '2024-01-16 19:03:46', '2024-01-16 19:03:46'),
(19, 160.675, 0, 0, NULL, NULL, 7, 2, '2024-01-16 19:03:46', '2024-01-16 19:03:46'),
(20, 167.790, 0, 0, NULL, NULL, 7, 2, '2024-01-16 19:03:46', '2024-01-16 19:03:46'),
(21, 152.350, 0, 0, 7, NULL, 7, 2, '2024-01-16 19:03:47', '2024-01-16 19:03:47'),
(22, 163.300, 0, 0, NULL, NULL, 7, 2, '2024-01-16 19:03:47', '2024-01-16 19:03:47'),
(23, 146.625, 0, 0, NULL, NULL, 7, 2, '2024-01-16 19:03:47', '2024-01-16 19:03:47'),
(24, 457.825, 0, 0, NULL, NULL, 8, 2, '2024-01-16 19:03:47', '2024-01-16 19:03:47'),
(25, 462.400, 0, 0, NULL, NULL, 8, 2, '2024-01-16 19:03:47', '2024-01-16 19:03:47'),
(26, 461.875, 0, 0, NULL, NULL, 8, 2, '2024-01-16 19:03:47', '2024-01-16 19:03:47'),
(27, 463.050, 0, 0, NULL, NULL, 8, 2, '2024-01-16 19:03:47', '2024-01-16 19:03:47'),
(28, 154.575, 0, 0, NULL, NULL, 7, 2, '2024-01-16 19:03:47', '2024-01-16 19:03:47'),
(29, 168.100, 0, 0, NULL, NULL, 7, 2, '2024-01-16 19:03:47', '2024-01-16 19:03:47'),
(30, 152.125, 0, 0, NULL, NULL, 7, 2, '2024-01-16 19:03:48', '2024-01-16 19:03:48'),
(31, 146.700, 0, 0, 8, NULL, 7, 2, '2024-01-16 19:03:48', '2024-01-16 19:03:48'),
(32, 439.825, 0, 0, NULL, NULL, 8, 2, '2024-01-16 19:03:48', '2024-01-16 19:03:48'),
(33, 145.350, 0, 0, NULL, NULL, 7, 2, '2024-01-16 19:03:48', '2024-01-16 19:03:48'),
(34, 132.675, 0, 0, NULL, NULL, 7, 2, '2024-01-16 19:03:48', '2024-01-16 19:03:48'),
(35, 132.475, 0, 0, NULL, NULL, 7, 2, '2024-01-16 19:03:48', '2024-01-16 19:03:48'),
(36, 143.325, 0, 0, NULL, NULL, 7, 2, '2024-01-16 19:03:48', '2024-01-16 19:03:48'),
(37, 134.800, 0, 0, NULL, NULL, 7, 2, '2024-01-16 19:03:48', '2024-01-16 19:03:48'),
(38, 150.975, 0, 0, NULL, NULL, 7, 2, '2024-01-16 19:03:48', '2024-01-16 19:03:48'),
(39, 160.662, 0, 0, NULL, NULL, 7, 2, '2024-01-16 19:03:49', '2024-01-16 19:03:49'),
(40, 133.200, 0, 0, NULL, NULL, 7, 2, '2024-01-16 19:03:49', '2024-01-16 19:03:49'),
(41, 132.600, 0, 0, NULL, NULL, 7, 2, '2024-01-16 19:03:49', '2024-01-16 19:03:49'),
(42, 132.550, 0, 0, NULL, NULL, 7, 2, '2024-01-16 19:03:49', '2024-01-16 19:03:49'),
(43, 132.975, 0, 0, NULL, NULL, 7, 2, '2024-01-16 19:03:49', '2024-01-16 19:03:49'),
(44, 132.925, 0, 0, NULL, NULL, 7, 2, '2024-01-16 19:03:49', '2024-01-16 19:03:49'),
(45, 133.755, 0, 0, NULL, NULL, 7, 2, '2024-01-16 19:03:49', '2024-01-16 19:03:49'),
(46, 118.850, 0, 0, NULL, NULL, 7, 2, '2024-01-16 19:03:49', '2024-01-16 19:03:49'),
(47, 145.990, 0, 0, NULL, NULL, 7, 2, '2024-01-16 19:03:49', '2024-01-16 19:03:49'),
(48, 122.100, 0, 0, NULL, NULL, 7, 2, '2024-01-16 19:03:50', '2024-01-16 19:03:50'),
(49, 133.750, 0, 0, NULL, NULL, 7, 2, '2024-01-16 19:03:50', '2024-01-16 19:03:50'),
(50, 163.525, 0, 1, 9, 3, 7, 2, '2024-01-16 19:03:50', '2024-01-16 19:03:50'),
(51, 920.212, 0, 0, NULL, NULL, NULL, 2, '2024-01-16 19:03:50', '2024-01-16 19:03:50'),
(52, 173.965, 0, 0, NULL, NULL, 7, 2, '2024-01-16 19:03:50', '2024-01-16 19:03:50'),
(53, 120.600, 0, 0, NULL, NULL, 7, 2, '2024-01-16 19:03:50', '2024-01-16 19:03:50'),
(54, 152.950, 0, 0, NULL, NULL, 7, 2, '2024-01-16 19:03:50', '2024-01-16 19:03:50'),
(55, 163.100, 0, 0, NULL, NULL, 7, 2, '2024-01-16 19:03:50', '2024-01-16 19:03:50'),
(56, 146.650, 0, 0, NULL, NULL, 7, 2, '2024-01-16 19:03:50', '2024-01-16 19:03:50'),
(57, 146.675, 0, 0, NULL, NULL, 7, 2, '2024-01-16 19:03:50', '2024-01-16 19:03:50'),
(58, 146.750, 0, 0, NULL, NULL, 7, 2, '2024-01-16 19:03:50', '2024-01-16 19:03:50'),
(59, 123.850, 0, 0, NULL, NULL, 7, 1, '2024-01-16 19:03:50', '2024-01-16 19:03:50'),
(60, 133.850, 0, 0, NULL, NULL, 7, 2, '2024-01-16 19:03:50', '2024-01-16 19:03:50'),
(61, 152.188, 0, 0, 10, NULL, 7, 2, '2024-01-16 19:03:50', '2024-01-16 19:03:50'),
(62, 29.700, 0, 0, NULL, NULL, 3, 2, '2024-01-16 19:03:50', '2024-01-16 20:05:16'),
(63, 172.363, 0, 0, NULL, NULL, 7, 2, '2024-01-16 19:03:50', '2024-01-16 19:03:50'),
(64, 7.210, 0, 0, NULL, NULL, NULL, 1, '2024-01-16 19:03:50', '2024-01-16 19:03:50'),
(65, 9.745, 0, 0, NULL, NULL, NULL, 1, '2024-01-16 19:03:50', '2024-01-16 19:03:50'),
(66, 31.300, 0, 0, NULL, NULL, NULL, 2, '2024-01-16 19:03:50', '2024-01-16 19:03:50'),
(67, 31.125, 0, 0, NULL, NULL, NULL, 2, '2024-01-16 19:03:50', '2024-01-16 19:03:50'),
(68, 31.325, 0, 0, NULL, NULL, NULL, 2, '2024-01-16 19:03:50', '2024-01-16 19:03:50'),
(69, 31.175, 0, 0, NULL, NULL, NULL, 2, '2024-01-16 19:03:50', '2024-01-16 19:03:50'),
(70, 31.150, 0, 0, NULL, NULL, NULL, 2, '2024-01-16 19:03:50', '2024-01-16 19:03:50'),
(71, 31.350, 0, 0, NULL, NULL, NULL, 2, '2024-01-16 19:03:50', '2024-01-16 19:03:50'),
(72, 31.250, 0, 0, NULL, NULL, NULL, 2, '2024-01-16 19:03:50', '2024-01-16 19:03:50'),
(73, 37.700, 0, 0, NULL, NULL, NULL, 2, '2024-01-16 19:03:50', '2024-01-16 19:03:50'),
(74, 172.025, 0, 0, NULL, NULL, 7, 2, '2024-01-16 19:03:50', '2024-01-16 19:03:50'),
(75, 127.250, 0, 0, NULL, NULL, 7, 1, '2024-01-16 19:03:50', '2024-01-16 19:03:50'),
(76, 145.650, 0, 0, 11, NULL, 7, 2, '2024-01-16 19:03:50', '2024-01-16 19:03:50'),
(77, 439.200, 0, 0, 12, NULL, 8, 2, '2024-01-16 19:03:50', '2024-01-16 19:03:50'),
(78, 438.650, 0, 0, 13, NULL, 8, 2, '2024-01-16 19:03:50', '2024-01-16 19:03:50'),
(79, 131.825, 0, 0, NULL, NULL, 7, 1, '2024-01-16 19:03:50', '2024-01-16 19:03:50'),
(80, 439.525, 0, 0, NULL, NULL, 8, 2, '2024-01-16 19:03:50', '2024-01-16 19:03:50'),
(81, 462.025, 0, 0, NULL, NULL, 8, 2, '2024-01-16 19:03:50', '2024-01-16 19:03:50'),
(82, 462.087, 0, 1, NULL, 4, 8, 2, '2024-01-16 19:03:51', '2024-01-16 19:03:51'),
(83, 252.150, 0, 0, NULL, NULL, 7, 2, '2024-01-16 19:03:51', '2024-01-16 19:03:51'),
(84, 253.850, 0, 0, NULL, NULL, 7, 2, '2024-01-16 19:03:51', '2024-01-16 19:03:51'),
(85, 131.725, 0, 0, NULL, NULL, 7, 1, '2024-01-16 19:03:51', '2024-01-16 19:03:51'),
(86, 124.725, 0, 0, NULL, NULL, 7, 1, '2024-01-16 19:03:51', '2024-01-16 19:03:51'),
(87, 118.450, 0, 0, NULL, NULL, 7, 1, '2024-01-16 19:03:51', '2024-01-16 19:03:51'),
(88, 152.225, 0, 0, NULL, NULL, 7, 2, '2024-01-16 19:03:51', '2024-01-16 19:03:51'),
(89, 126.650, 0, 1, NULL, 5, 7, 1, '2024-01-16 19:03:51', '2024-01-16 19:03:51'),
(90, 150.387, 0, 0, NULL, NULL, 7, 2, '2024-01-16 19:03:51', '2024-01-16 19:03:51'),
(91, 154.450, 1, 1, NULL, 6, 7, 2, '2024-01-16 19:03:51', '2024-01-16 20:02:04'),
(92, 152.725, 0, 0, NULL, NULL, 7, 1, '2024-01-16 19:03:51', '2024-01-16 19:03:51');

-- --------------------------------------------------------

--
-- Estructura de tabla para la tabla `localizacion`
--

CREATE TABLE `localizacion` (
  `id` bigint(20) UNSIGNED NOT NULL,
  `localidad` varchar(255) DEFAULT NULL,
  `provincia` varchar(255) DEFAULT NULL,
  `pais` varchar(255) DEFAULT 'España',
  `gps` text DEFAULT NULL,
  `created_at` timestamp NULL DEFAULT NULL,
  `updated_at` timestamp NULL DEFAULT NULL
) ENGINE=InnoDB DEFAULT CHARSET=utf8mb4 COLLATE=utf8mb4_unicode_ci;

--
-- Volcado de datos para la tabla `localizacion`
--

INSERT INTO `localizacion` (`id`, `localidad`, `provincia`, `pais`, `gps`, `created_at`, `updated_at`) VALUES
(1, 'Linares', 'Jaén', 'ES', '38.0902883, -3.6244309', '2024-01-16 19:03:41', '2024-01-16 19:03:41'),
(2, 'Córdoba', NULL, 'España', NULL, '2024-01-16 19:03:44', '2024-01-16 19:03:44'),
(3, 'Baeza', NULL, 'España', NULL, '2024-01-16 19:03:45', '2024-01-16 19:03:45'),
(4, 'Andujar', NULL, 'España', NULL, '2024-01-16 19:03:45', '2024-01-16 19:03:45'),
(5, 'Martos', NULL, 'España', NULL, '2024-01-16 19:03:45', '2024-01-16 19:03:45'),
(6, 'Cabra', NULL, 'España', NULL, '2024-01-16 19:03:45', '2024-01-16 19:03:45'),
(7, 'Jaén', NULL, 'España', NULL, '2024-01-16 19:03:45', '2024-01-16 19:03:45'),
(8, 'Puertollano', NULL, 'España', NULL, '2024-01-16 19:03:47', '2024-01-16 19:03:47'),
(9, 'Bailén', NULL, 'España', NULL, '2024-01-16 19:03:47', '2024-01-16 19:03:47'),
(10, 'España', NULL, 'España', NULL, '2024-01-16 19:03:48', '2024-01-16 19:03:48'),
(11, 'Málaga', NULL, 'España', NULL, '2024-01-16 19:03:48', '2024-01-16 19:03:48'),
(12, 'Sevilla', NULL, 'España', NULL, '2024-01-16 19:03:48', '2024-01-16 19:03:48'),
(13, 'Desconocido', NULL, 'España', NULL, '2024-01-16 19:03:48', '2024-01-16 19:03:48'),
(14, 'Úbeda', NULL, 'España', NULL, '2024-01-16 19:03:48', '2024-01-16 19:03:48'),
(15, 'Madrid', NULL, 'España', NULL, '2024-01-16 19:03:49', '2024-01-16 19:03:49'),
(16, 'Granada', NULL, 'España', NULL, '2024-01-16 19:03:49', '2024-01-16 19:03:49'),
(17, 'ISS', NULL, 'España', NULL, '2024-01-16 19:03:49', '2024-01-16 19:03:49'),
(18, 'Albacete', NULL, 'España', NULL, '2024-01-16 19:03:49', '2024-01-16 19:03:49'),
(19, 'Sierra de la Pandera', NULL, 'España', NULL, '2024-01-16 19:03:50', '2024-01-16 19:03:50'),
(20, 'Sierra de Almaden', NULL, 'España', NULL, '2024-01-16 19:03:50', '2024-01-16 19:03:50'),
(21, 'Barcelona', NULL, 'España', NULL, '2024-01-16 19:03:51', '2024-01-16 19:03:51'),
(22, 'Bailén', 'Jaén', 'España', NULL, '2024-01-16 19:05:59', '2024-01-16 19:05:59'),
(23, 'Puertollano', 'Ciudad Real', 'España', NULL, '2024-01-16 19:06:16', '2024-01-16 19:06:16'),
(24, 'Madrid', 'Madrid', 'España', NULL, '2024-01-16 20:05:44', '2024-01-16 20:05:44'),
(25, 'Linares', 'Jaén', 'España', '38.0902883, -3.6244309', '2024-01-16 20:05:56', '2024-01-16 20:05:56'),
(26, 'Jaén', 'Jaén', 'España', NULL, '2024-01-16 20:06:06', '2024-01-16 20:06:06'),
(27, 'Úbeda', 'Jaén', 'España', NULL, '2024-01-16 20:07:02', '2024-01-16 20:07:02'),
(28, 'Córdoba', 'Có', 'España', NULL, '2024-01-16 20:07:44', '2024-01-16 20:07:44'),
(29, 'Córdoba', 'Córdoba', 'España', NULL, '2024-01-16 20:07:48', '2024-01-16 20:07:48');

-- --------------------------------------------------------

--
-- Estructura de tabla para la tabla `mensajes`
--

CREATE TABLE `mensajes` (
  `id` bigint(20) UNSIGNED NOT NULL,
  `remitente_id` bigint(20) UNSIGNED NOT NULL,
  `destinatario_id` bigint(20) UNSIGNED NOT NULL,
  `mensaje` text NOT NULL,
  `created_at` timestamp NULL DEFAULT NULL,
  `updated_at` timestamp NULL DEFAULT NULL
) ENGINE=InnoDB DEFAULT CHARSET=utf8mb4 COLLATE=utf8mb4_unicode_ci;

-- --------------------------------------------------------

--
-- Estructura de tabla para la tabla `migrations`
--

CREATE TABLE `migrations` (
  `id` int(10) UNSIGNED NOT NULL,
  `migration` varchar(255) NOT NULL,
  `batch` int(11) NOT NULL
) ENGINE=InnoDB DEFAULT CHARSET=utf8mb4 COLLATE=utf8mb4_unicode_ci;

--
-- Volcado de datos para la tabla `migrations`
--

INSERT INTO `migrations` (`id`, `migration`, `batch`) VALUES
(1, '2014_10_12_000000_create_users_table', 1),
(2, '2014_10_12_100000_create_password_reset_tokens_table', 1),
(3, '2019_08_19_000000_create_failed_jobs_table', 1),
(4, '2019_12_14_000001_create_personal_access_tokens_table', 1),
(5, '2023_10_24_153841_create_localizacion', 1),
(6, '2023_10_24_153919_create_banda', 1),
(7, '2023_10_24_154143_create_modostransmision', 1),
(8, '2023_10_24_154230_create_repetidor', 1),
(9, '2023_10_24_155311_create_roles', 1),
(10, '2023_10_24_162023_create_mensajes', 1),
(11, '2023_10_28_102359_create_users_roles_table', 1),
(12, '2023_11_12_134747_add_column_localizacion_to_users', 1),
(13, '2024_01_06_113530_create_tipo_codificacion', 1),
(14, '2024_01_06_113533_create_ctcss_codes', 1),
(15, '2024_01_06_113537_create_dcs_codes', 1),
(16, '2024_01_06_113538_create_codificacion', 1),
(17, '2024_01_06_113538_create_frecuencia', 1),
(18, '2024_01_06_113538_create_tipo_contacto', 1),
(19, '2024_01_06_113539_create_contacto', 1),
(20, '2024_01_06_113539_create_usuarios_contactos_table', 1),
(21, '2024_01_06_145131_add_qsl_to_users', 1),
(22, '2024_01_14_121901_add_color_to_tipo_contacto_table', 1);

-- --------------------------------------------------------

--
-- Estructura de tabla para la tabla `modotransmision`
--

CREATE TABLE `modotransmision` (
  `id` bigint(20) UNSIGNED NOT NULL,
  `nombre` varchar(20) NOT NULL,
  `descripcion` varchar(255) DEFAULT NULL,
  `created_at` timestamp NULL DEFAULT NULL,
  `updated_at` timestamp NULL DEFAULT NULL
) ENGINE=InnoDB DEFAULT CHARSET=utf8mb4 COLLATE=utf8mb4_unicode_ci;

--
-- Volcado de datos para la tabla `modotransmision`
--

INSERT INTO `modotransmision` (`id`, `nombre`, `descripcion`, `created_at`, `updated_at`) VALUES
(1, 'AM', '', '2024-01-16 19:03:41', '2024-01-16 19:03:41'),
(2, 'FM', '', '2024-01-16 19:03:41', '2024-01-16 19:03:41'),
(3, 'WFM', '', '2024-01-16 19:03:41', '2024-01-16 19:03:41'),
(4, 'LSB', '', '2024-01-16 19:03:41', '2024-01-16 19:03:41'),
(5, 'USB', '', '2024-01-16 19:03:41', '2024-01-16 19:03:41'),
(6, 'CW', '', '2024-01-16 19:03:41', '2024-01-16 19:03:41'),
(7, 'FSK', '', '2024-01-16 19:03:41', '2024-01-16 19:03:41'),
(8, 'PSK', '', '2024-01-16 19:03:41', '2024-01-16 19:03:41'),
(9, 'RTTY', '', '2024-01-16 19:03:41', '2024-01-16 19:03:41'),
(10, 'Packet Radio', '', '2024-01-16 19:03:41', '2024-01-16 19:03:41'),
(11, 'D-STAR', '', '2024-01-16 19:03:41', '2024-01-16 19:03:41'),
(12, 'DMR', '', '2024-01-16 19:03:41', '2024-01-16 19:03:41'),
(13, 'P25', '', '2024-01-16 19:03:41', '2024-01-16 19:03:41'),
(14, 'C4FM', '', '2024-01-16 19:03:41', '2024-01-16 19:03:41'),
(15, 'PSK31', '', '2024-01-16 19:03:41', '2024-01-16 19:03:41'),
(16, 'APRS', '', '2024-01-16 19:03:41', '2024-01-16 19:03:41'),
(17, 'SSTV', '', '2024-01-16 19:03:41', '2024-01-16 19:03:41'),
(18, 'JT65', '', '2024-01-16 19:03:41', '2024-01-16 19:03:41'),
(19, 'FT8', '', '2024-01-16 19:03:41', '2024-01-16 19:03:41');

-- --------------------------------------------------------

--
-- Estructura de tabla para la tabla `password_reset_tokens`
--

CREATE TABLE `password_reset_tokens` (
  `email` varchar(255) NOT NULL,
  `token` varchar(255) NOT NULL,
  `created_at` timestamp NULL DEFAULT NULL
) ENGINE=InnoDB DEFAULT CHARSET=utf8mb4 COLLATE=utf8mb4_unicode_ci;

-- --------------------------------------------------------

--
-- Estructura de tabla para la tabla `personal_access_tokens`
--

CREATE TABLE `personal_access_tokens` (
  `id` bigint(20) UNSIGNED NOT NULL,
  `tokenable_type` varchar(255) NOT NULL,
  `tokenable_id` bigint(20) UNSIGNED NOT NULL,
  `name` varchar(255) NOT NULL,
  `token` varchar(64) NOT NULL,
  `abilities` text DEFAULT NULL,
  `last_used_at` timestamp NULL DEFAULT NULL,
  `expires_at` timestamp NULL DEFAULT NULL,
  `created_at` timestamp NULL DEFAULT NULL,
  `updated_at` timestamp NULL DEFAULT NULL
) ENGINE=InnoDB DEFAULT CHARSET=utf8mb4 COLLATE=utf8mb4_unicode_ci;

-- --------------------------------------------------------

--
-- Estructura de tabla para la tabla `repetidor`
--

CREATE TABLE `repetidor` (
  `id` bigint(20) UNSIGNED NOT NULL,
  `offset` varchar(15) NOT NULL DEFAULT '0.0',
  `direccion` varchar(1) DEFAULT NULL,
  `created_at` timestamp NULL DEFAULT NULL,
  `updated_at` timestamp NULL DEFAULT NULL
) ENGINE=InnoDB DEFAULT CHARSET=utf8mb4 COLLATE=utf8mb4_unicode_ci;

--
-- Volcado de datos para la tabla `repetidor`
--

INSERT INTO `repetidor` (`id`, `offset`, `direccion`, `created_at`, `updated_at`) VALUES
(1, '4.600', '-', '2024-01-16 19:03:43', '2024-01-16 19:03:43'),
(2, '4.600', '-', '2024-01-16 19:03:45', '2024-01-16 19:03:45'),
(3, '4.600', '-', '2024-01-16 19:03:45', '2024-01-16 19:03:45'),
(4, '4.600', '-', '2024-01-16 19:03:46', '2024-01-16 19:03:46'),
(5, '5.000', '+', '2024-01-16 19:03:46', '2024-01-16 19:03:46'),
(6, '4.600', '-', '2024-01-16 19:03:46', '2024-01-16 19:03:46'),
(7, '4.600', '-', '2024-01-16 19:03:47', '2024-01-16 19:03:47'),
(8, '0.600', '-', '2024-01-16 19:03:48', '2024-01-16 19:03:48'),
(9, '4.600', '-', '2024-01-16 19:03:50', '2024-01-16 19:03:50'),
(10, '4.600', '-', '2024-01-16 19:03:50', '2024-01-16 19:03:50'),
(11, '0.600', '-', '2024-01-16 19:03:50', '2024-01-16 19:03:50'),
(12, '7.600', '-', '2024-01-16 19:03:50', '2024-01-16 19:03:50'),
(13, '7.600', '-', '2024-01-16 19:03:50', '2024-01-16 19:03:50'),
(14, '4.600', '-', '2024-01-16 20:08:18', '2024-01-16 20:08:18'),
(15, '4.600', '-', '2024-01-16 20:08:27', '2024-01-16 20:08:27');

-- --------------------------------------------------------

--
-- Estructura de tabla para la tabla `roles`
--

CREATE TABLE `roles` (
  `id` bigint(20) UNSIGNED NOT NULL,
  `nombre` varchar(255) NOT NULL,
  `created_at` timestamp NULL DEFAULT NULL,
  `updated_at` timestamp NULL DEFAULT NULL
) ENGINE=InnoDB DEFAULT CHARSET=utf8mb4 COLLATE=utf8mb4_unicode_ci;

--
-- Volcado de datos para la tabla `roles`
--

INSERT INTO `roles` (`id`, `nombre`, `created_at`, `updated_at`) VALUES
(1, 'root', '2024-01-16 19:03:39', '2024-01-16 19:03:39'),
(2, 'admin', '2024-01-16 19:03:39', '2024-01-16 19:03:39'),
(3, 'eco-alfa', '2024-01-16 19:03:39', '2024-01-16 19:03:39'),
(4, 'user', '2024-01-16 19:03:39', '2024-01-16 19:03:39'),
(5, 'guest', '2024-01-16 19:03:39', '2024-01-16 19:03:39');

-- --------------------------------------------------------

--
-- Estructura de tabla para la tabla `tipo_codificacion`
--

CREATE TABLE `tipo_codificacion` (
  `id` bigint(20) UNSIGNED NOT NULL,
  `nombre` varchar(30) NOT NULL,
  `created_at` timestamp NULL DEFAULT NULL,
  `updated_at` timestamp NULL DEFAULT NULL
) ENGINE=InnoDB DEFAULT CHARSET=utf8mb4 COLLATE=utf8mb4_unicode_ci;

--
-- Volcado de datos para la tabla `tipo_codificacion`
--

INSERT INTO `tipo_codificacion` (`id`, `nombre`, `created_at`, `updated_at`) VALUES
(1, 'Secrafonia', '2024-01-16 19:03:41', '2024-01-16 19:03:41'),
(2, 'DMR', '2024-01-16 19:03:41', '2024-01-16 19:03:41'),
(3, 'Tetra', '2024-01-16 19:03:41', '2024-01-16 19:03:41'),
(4, 'Tetrapol', '2024-01-16 19:03:41', '2024-01-16 19:03:41'),
(5, 'MPT1327', '2024-01-16 19:03:41', '2024-01-16 19:03:41');

-- --------------------------------------------------------

--
-- Estructura de tabla para la tabla `tipo_contacto`
--

CREATE TABLE `tipo_contacto` (
  `id` bigint(20) UNSIGNED NOT NULL,
  `nombre` varchar(30) NOT NULL,
  `color` varchar(255) DEFAULT NULL,
  `created_at` timestamp NULL DEFAULT NULL,
  `updated_at` timestamp NULL DEFAULT NULL
) ENGINE=InnoDB DEFAULT CHARSET=utf8mb4 COLLATE=utf8mb4_unicode_ci;

--
-- Volcado de datos para la tabla `tipo_contacto`
--

INSERT INTO `tipo_contacto` (`id`, `nombre`, `color`, `created_at`, `updated_at`) VALUES
(1, 'Desconocido', 'bg-gray-900', '2024-01-16 19:03:41', '2024-01-16 19:03:41'),
(2, 'Aviación', 'bg-red-500', '2024-01-16 19:03:41', '2024-01-16 19:03:41'),
(3, 'Emisoras', 'bg-lime-500', '2024-01-16 19:03:41', '2024-01-16 19:03:41'),
(4, 'Empresa', 'bg-gray-500', '2024-01-16 19:03:41', '2024-01-16 19:03:41'),
(5, 'Evento', 'bg-green-500', '2024-01-16 19:03:41', '2024-01-16 19:03:41'),
(6, 'Particular', 'bg-lime-500', '2024-01-16 19:03:41', '2024-01-16 19:03:41'),
(7, 'Servicio', 'bg-blue-500', '2024-01-16 19:03:41', '2024-01-16 19:03:41'),
(8, 'URE', 'bg-yellow-500', '2024-01-16 19:03:41', '2024-01-16 19:03:41');

-- --------------------------------------------------------

--
-- Estructura de tabla para la tabla `users`
--

CREATE TABLE `users` (
  `id` bigint(20) UNSIGNED NOT NULL,
  `username` varchar(20) NOT NULL,
  `password` varchar(255) NOT NULL,
  `nombre` varchar(255) NOT NULL,
  `apellidos` varchar(255) NOT NULL,
  `indicativo` varchar(255) NOT NULL,
  `localizacion_id` bigint(20) UNSIGNED DEFAULT NULL,
  `email` varchar(255) NOT NULL,
  `photo` varchar(255) DEFAULT NULL,
  `qsl` varchar(255) DEFAULT NULL,
  `email_verified_at` timestamp NULL DEFAULT NULL,
  `remember_token` varchar(100) DEFAULT NULL,
  `created_at` timestamp NULL DEFAULT NULL,
  `updated_at` timestamp NULL DEFAULT NULL
) ENGINE=InnoDB DEFAULT CHARSET=utf8mb4 COLLATE=utf8mb4_unicode_ci;

--
-- Volcado de datos para la tabla `users`
--

INSERT INTO `users` (`id`, `username`, `password`, `nombre`, `apellidos`, `indicativo`, `localizacion_id`, `email`, `photo`, `qsl`, `email_verified_at`, `remember_token`, `created_at`, `updated_at`) VALUES
(1, 'migueldj', '$2y$10$uSJSghO6LQe8zsl.vq.rquBA7Np0mLJERjvgooNBfvcF4/0aLvLGu', 'Miguel', 'Ledesma Palacios', 'ECB23NVN', 1, 'migledpal@gmail.com', '', '', NULL, NULL, '2024-01-16 19:03:41', '2024-01-16 19:03:41');

-- --------------------------------------------------------

--
-- Estructura de tabla para la tabla `users_roles`
--

CREATE TABLE `users_roles` (
  `user_id` bigint(20) UNSIGNED NOT NULL,
  `rol_id` bigint(20) UNSIGNED NOT NULL
) ENGINE=InnoDB DEFAULT CHARSET=utf8mb4 COLLATE=utf8mb4_unicode_ci;

--
-- Volcado de datos para la tabla `users_roles`
--

INSERT INTO `users_roles` (`user_id`, `rol_id`) VALUES
(1, 1),
(1, 2),
(1, 4);

-- --------------------------------------------------------

--
-- Estructura de tabla para la tabla `usuarios_contactos`
--

CREATE TABLE `usuarios_contactos` (
  `user_id` bigint(20) UNSIGNED NOT NULL,
  `contacto_id` bigint(20) UNSIGNED NOT NULL
) ENGINE=InnoDB DEFAULT CHARSET=utf8mb4 COLLATE=utf8mb4_unicode_ci;

--
-- Índices para tablas volcadas
--

--
-- Indices de la tabla `banda`
--
ALTER TABLE `banda`
  ADD PRIMARY KEY (`id`);

--
-- Indices de la tabla `codificacion`
--
ALTER TABLE `codificacion`
  ADD PRIMARY KEY (`id`),
  ADD KEY `fk_codificacion_tipo` (`tipo_id`),
  ADD KEY `fk_codificacion_dcs` (`dcs_id`),
  ADD KEY `fk_codificacion_ctcss` (`ctcss_id`);

--
-- Indices de la tabla `contacto`
--
ALTER TABLE `contacto`
  ADD PRIMARY KEY (`id`),
  ADD KEY `fk_cont_tipo` (`tipo_id`),
  ADD KEY `fk_cont_loca` (`localizacion_id`),
  ADD KEY `fk_cont_frecu` (`frecuencia_id`),
  ADD KEY `fk_cont_user` (`user_id`);

--
-- Indices de la tabla `ctcss_codes`
--
ALTER TABLE `ctcss_codes`
  ADD PRIMARY KEY (`id`);

--
-- Indices de la tabla `dcs_codes`
--
ALTER TABLE `dcs_codes`
  ADD PRIMARY KEY (`id`);

--
-- Indices de la tabla `failed_jobs`
--
ALTER TABLE `failed_jobs`
  ADD PRIMARY KEY (`id`),
  ADD UNIQUE KEY `failed_jobs_uuid_unique` (`uuid`);

--
-- Indices de la tabla `frecuencia`
--
ALTER TABLE `frecuencia`
  ADD PRIMARY KEY (`id`),
  ADD KEY `fk_frec_repe` (`repetidor_id`),
  ADD KEY `fk_frec_codi` (`codificacion_id`),
  ADD KEY `fk_frec_band` (`banda_id`),
  ADD KEY `fk_frec_modo` (`modo_id`);

--
-- Indices de la tabla `localizacion`
--
ALTER TABLE `localizacion`
  ADD PRIMARY KEY (`id`);

--
-- Indices de la tabla `mensajes`
--
ALTER TABLE `mensajes`
  ADD PRIMARY KEY (`id`),
  ADD KEY `mensajes_remitente_id_foreign` (`remitente_id`),
  ADD KEY `mensajes_destinatario_id_foreign` (`destinatario_id`);

--
-- Indices de la tabla `migrations`
--
ALTER TABLE `migrations`
  ADD PRIMARY KEY (`id`);

--
-- Indices de la tabla `modotransmision`
--
ALTER TABLE `modotransmision`
  ADD PRIMARY KEY (`id`);

--
-- Indices de la tabla `password_reset_tokens`
--
ALTER TABLE `password_reset_tokens`
  ADD PRIMARY KEY (`email`);

--
-- Indices de la tabla `personal_access_tokens`
--
ALTER TABLE `personal_access_tokens`
  ADD PRIMARY KEY (`id`),
  ADD UNIQUE KEY `personal_access_tokens_token_unique` (`token`),
  ADD KEY `personal_access_tokens_tokenable_type_tokenable_id_index` (`tokenable_type`,`tokenable_id`);

--
-- Indices de la tabla `repetidor`
--
ALTER TABLE `repetidor`
  ADD PRIMARY KEY (`id`);

--
-- Indices de la tabla `roles`
--
ALTER TABLE `roles`
  ADD PRIMARY KEY (`id`),
  ADD UNIQUE KEY `roles_nombre_unique` (`nombre`);

--
-- Indices de la tabla `tipo_codificacion`
--
ALTER TABLE `tipo_codificacion`
  ADD PRIMARY KEY (`id`);

--
-- Indices de la tabla `tipo_contacto`
--
ALTER TABLE `tipo_contacto`
  ADD PRIMARY KEY (`id`);

--
-- Indices de la tabla `users`
--
ALTER TABLE `users`
  ADD PRIMARY KEY (`id`),
  ADD UNIQUE KEY `users_username_unique` (`username`),
  ADD UNIQUE KEY `users_email_unique` (`email`),
  ADD KEY `fk_user_loca` (`localizacion_id`);

--
-- Indices de la tabla `users_roles`
--
ALTER TABLE `users_roles`
  ADD PRIMARY KEY (`user_id`,`rol_id`),
  ADD KEY `users_roles_rol_id_foreign` (`rol_id`);

--
-- Indices de la tabla `usuarios_contactos`
--
ALTER TABLE `usuarios_contactos`
  ADD PRIMARY KEY (`user_id`,`contacto_id`),
  ADD KEY `fk_contacto_user` (`contacto_id`);

--
-- AUTO_INCREMENT de las tablas volcadas
--

--
-- AUTO_INCREMENT de la tabla `banda`
--
ALTER TABLE `banda`
  MODIFY `id` bigint(20) UNSIGNED NOT NULL AUTO_INCREMENT, AUTO_INCREMENT=17;

--
-- AUTO_INCREMENT de la tabla `codificacion`
--
ALTER TABLE `codificacion`
  MODIFY `id` bigint(20) UNSIGNED NOT NULL AUTO_INCREMENT, AUTO_INCREMENT=7;

--
-- AUTO_INCREMENT de la tabla `contacto`
--
ALTER TABLE `contacto`
  MODIFY `id` bigint(20) UNSIGNED NOT NULL AUTO_INCREMENT, AUTO_INCREMENT=93;

--
-- AUTO_INCREMENT de la tabla `ctcss_codes`
--
ALTER TABLE `ctcss_codes`
  MODIFY `id` bigint(20) UNSIGNED NOT NULL AUTO_INCREMENT, AUTO_INCREMENT=41;

--
-- AUTO_INCREMENT de la tabla `dcs_codes`
--
ALTER TABLE `dcs_codes`
  MODIFY `id` bigint(20) UNSIGNED NOT NULL AUTO_INCREMENT, AUTO_INCREMENT=106;

--
-- AUTO_INCREMENT de la tabla `failed_jobs`
--
ALTER TABLE `failed_jobs`
  MODIFY `id` bigint(20) UNSIGNED NOT NULL AUTO_INCREMENT;

--
-- AUTO_INCREMENT de la tabla `frecuencia`
--
ALTER TABLE `frecuencia`
  MODIFY `id` bigint(20) UNSIGNED NOT NULL AUTO_INCREMENT, AUTO_INCREMENT=93;

--
-- AUTO_INCREMENT de la tabla `localizacion`
--
ALTER TABLE `localizacion`
  MODIFY `id` bigint(20) UNSIGNED NOT NULL AUTO_INCREMENT, AUTO_INCREMENT=30;

--
-- AUTO_INCREMENT de la tabla `mensajes`
--
ALTER TABLE `mensajes`
  MODIFY `id` bigint(20) UNSIGNED NOT NULL AUTO_INCREMENT;

--
-- AUTO_INCREMENT de la tabla `migrations`
--
ALTER TABLE `migrations`
  MODIFY `id` int(10) UNSIGNED NOT NULL AUTO_INCREMENT, AUTO_INCREMENT=23;

--
-- AUTO_INCREMENT de la tabla `modotransmision`
--
ALTER TABLE `modotransmision`
  MODIFY `id` bigint(20) UNSIGNED NOT NULL AUTO_INCREMENT, AUTO_INCREMENT=20;

--
-- AUTO_INCREMENT de la tabla `personal_access_tokens`
--
ALTER TABLE `personal_access_tokens`
  MODIFY `id` bigint(20) UNSIGNED NOT NULL AUTO_INCREMENT;

--
-- AUTO_INCREMENT de la tabla `repetidor`
--
ALTER TABLE `repetidor`
  MODIFY `id` bigint(20) UNSIGNED NOT NULL AUTO_INCREMENT, AUTO_INCREMENT=16;

--
-- AUTO_INCREMENT de la tabla `roles`
--
ALTER TABLE `roles`
  MODIFY `id` bigint(20) UNSIGNED NOT NULL AUTO_INCREMENT, AUTO_INCREMENT=6;

--
-- AUTO_INCREMENT de la tabla `tipo_codificacion`
--
ALTER TABLE `tipo_codificacion`
  MODIFY `id` bigint(20) UNSIGNED NOT NULL AUTO_INCREMENT, AUTO_INCREMENT=6;

--
-- AUTO_INCREMENT de la tabla `tipo_contacto`
--
ALTER TABLE `tipo_contacto`
  MODIFY `id` bigint(20) UNSIGNED NOT NULL AUTO_INCREMENT, AUTO_INCREMENT=9;

--
-- AUTO_INCREMENT de la tabla `users`
--
ALTER TABLE `users`
  MODIFY `id` bigint(20) UNSIGNED NOT NULL AUTO_INCREMENT, AUTO_INCREMENT=2;

--
-- Restricciones para tablas volcadas
--

--
-- Filtros para la tabla `codificacion`
--
ALTER TABLE `codificacion`
  ADD CONSTRAINT `fk_codificacion_ctcss` FOREIGN KEY (`ctcss_id`) REFERENCES `ctcss_codes` (`id`),
  ADD CONSTRAINT `fk_codificacion_dcs` FOREIGN KEY (`dcs_id`) REFERENCES `dcs_codes` (`id`),
  ADD CONSTRAINT `fk_codificacion_tipo` FOREIGN KEY (`tipo_id`) REFERENCES `tipo_codificacion` (`id`);

--
-- Filtros para la tabla `contacto`
--
ALTER TABLE `contacto`
  ADD CONSTRAINT `fk_cont_frecu` FOREIGN KEY (`frecuencia_id`) REFERENCES `frecuencia` (`id`) ON DELETE CASCADE ON UPDATE CASCADE,
  ADD CONSTRAINT `fk_cont_loca` FOREIGN KEY (`localizacion_id`) REFERENCES `localizacion` (`id`),
  ADD CONSTRAINT `fk_cont_tipo` FOREIGN KEY (`tipo_id`) REFERENCES `tipo_contacto` (`id`),
  ADD CONSTRAINT `fk_cont_user` FOREIGN KEY (`user_id`) REFERENCES `users` (`id`);

--
-- Filtros para la tabla `frecuencia`
--
ALTER TABLE `frecuencia`
  ADD CONSTRAINT `fk_frec_band` FOREIGN KEY (`banda_id`) REFERENCES `banda` (`id`),
  ADD CONSTRAINT `fk_frec_codi` FOREIGN KEY (`codificacion_id`) REFERENCES `codificacion` (`id`),
  ADD CONSTRAINT `fk_frec_modo` FOREIGN KEY (`modo_id`) REFERENCES `modotransmision` (`id`),
  ADD CONSTRAINT `fk_frec_repe` FOREIGN KEY (`repetidor_id`) REFERENCES `repetidor` (`id`) ON DELETE CASCADE ON UPDATE CASCADE;

--
-- Filtros para la tabla `mensajes`
--
ALTER TABLE `mensajes`
  ADD CONSTRAINT `mensajes_destinatario_id_foreign` FOREIGN KEY (`destinatario_id`) REFERENCES `users` (`id`),
  ADD CONSTRAINT `mensajes_remitente_id_foreign` FOREIGN KEY (`remitente_id`) REFERENCES `users` (`id`);

--
-- Filtros para la tabla `users`
--
ALTER TABLE `users`
  ADD CONSTRAINT `fk_user_loca` FOREIGN KEY (`localizacion_id`) REFERENCES `localizacion` (`id`) ON DELETE CASCADE ON UPDATE CASCADE;

--
-- Filtros para la tabla `users_roles`
--
ALTER TABLE `users_roles`
  ADD CONSTRAINT `users_roles_rol_id_foreign` FOREIGN KEY (`rol_id`) REFERENCES `roles` (`id`) ON DELETE CASCADE ON UPDATE CASCADE,
  ADD CONSTRAINT `users_roles_user_id_foreign` FOREIGN KEY (`user_id`) REFERENCES `users` (`id`) ON DELETE CASCADE ON UPDATE CASCADE;

--
-- Filtros para la tabla `usuarios_contactos`
--
ALTER TABLE `usuarios_contactos`
  ADD CONSTRAINT `fk_contacto_user` FOREIGN KEY (`contacto_id`) REFERENCES `contacto` (`id`),
  ADD CONSTRAINT `fk_user_contacto` FOREIGN KEY (`user_id`) REFERENCES `users` (`id`);
COMMIT;

/*!40101 SET CHARACTER_SET_CLIENT=@OLD_CHARACTER_SET_CLIENT */;
/*!40101 SET CHARACTER_SET_RESULTS=@OLD_CHARACTER_SET_RESULTS */;
/*!40101 SET COLLATION_CONNECTION=@OLD_COLLATION_CONNECTION */;
